Id,x,y,size,balance,activity,label,label_color,label_shadow
Klima,-196.52036,-95.45022,51.59375,37.75,372.75,Klima,white,"0 0 8px rgba(0,0,0,1), 0 0 8px rgba(0,0,0,1)"
Deutschland,-127.57372,-60.307117,54.34375,1.25,394.75,Deutschland,white,"0 0 8px rgba(0,0,0,1), 0 0 8px rgba(0,0,0,1)"
Staaten,-75.24319,-145.65186,21.15625,-8.5,129.25,,"rgba(0,0,0,0)","0 0 8px rgba(0,0,0,1), 0 0 8px rgba(0,0,0,1)"
Emissionen,-92.093834,-145.10529,44.90625,5.25,319.25,Emissionen,white,"0 0 8px rgba(0,0,0,1), 0 0 8px rgba(0,0,0,1)"
Klimaschutz,-128.58014,-101.46902,61.625,165.5,453.0,Klimaschutz,white,"0 0 8px rgba(0,0,0,1), 0 0 8px rgba(0,0,0,1)"
Kohlendioxid,-151.7666,-163.8993,42.8125,85.75,302.5,Kohlendioxid,white,"0 0 8px rgba(0,0,0,1), 0 0 8px rgba(0,0,0,1)"
Wirtschaft,-66.73187,-100.08114,59.40625,71.5,435.25,Wirtschaft,white,"0 0 8px rgba(0,0,0,1), 0 0 8px rgba(0,0,0,1)"
Krise,-104.052505,-64.917206,46.0,-32.75,328.0,Krise,white,"0 0 8px rgba(0,0,0,1), 0 0 8px rgba(0,0,0,1)"
Europa,-92.64918,-54.98551,45.0625,-22.75,320.5,Europa,white,"0 0 8px rgba(0,0,0,1), 0 0 8px rgba(0,0,0,1)"
Produkte,-60.85034,-162.84,23.4375,51.5,147.5,,"rgba(0,0,0,0)","0 0 8px rgba(0,0,0,1), 0 0 8px rgba(0,0,0,1)"
Arbeitsmarkt,-198.22543,-30.642487,18.71875,19.0,109.75,,"rgba(0,0,0,0)","0 0 8px rgba(0,0,0,1), 0 0 8px rgba(0,0,0,1)"
Arbeitslosigkeit,-91.24852,-33.95837,35.6875,-80.75,245.5,,"rgba(0,0,0,0)","0 0 8px rgba(0,0,0,1), 0 0 8px rgba(0,0,0,1)"
Wachstum,-114.87455,-41.81274,58.75,204.75,430.0,Wachstum,white,"0 0 8px rgba(0,0,0,1), 0 0 8px rgba(0,0,0,1)"
Kapitalismus,-33.848755,-101.03206,18.0,0.75,104.0,,"rgba(0,0,0,0)","0 0 8px rgba(0,0,0,1), 0 0 8px rgba(0,0,0,1)"
Koalition,-172.76709,-36.455032,34.90625,-18.5,239.25,,"rgba(0,0,0,0)","0 0 8px rgba(0,0,0,1), 0 0 8px rgba(0,0,0,1)"
Schulden,-131.58337,-8.766836,32.875,0.5,223.0,,"rgba(0,0,0,0)","0 0 8px rgba(0,0,0,1), 0 0 8px rgba(0,0,0,1)"
Euro,-145.09076,-2.3775296,35.5,-32.5,244.0,,"rgba(0,0,0,0)","0 0 8px rgba(0,0,0,1), 0 0 8px rgba(0,0,0,1)"
Zinsen,-117.76687,-1.7193635,24.3125,41.5,154.5,,"rgba(0,0,0,0)","0 0 8px rgba(0,0,0,1), 0 0 8px rgba(0,0,0,1)"
Ausgaben,-178.70045,-3.6258106,20.03125,-7.5,120.25,,"rgba(0,0,0,0)","0 0 8px rgba(0,0,0,1), 0 0 8px rgba(0,0,0,1)"
Steuern,-132.62785,-25.311127,30.65625,11.25,205.25,,"rgba(0,0,0,0)","0 0 8px rgba(0,0,0,1), 0 0 8px rgba(0,0,0,1)"
Autos,-138.45746,-176.08548,49.46875,18.5,355.75,Autos,white,"0 0 8px rgba(0,0,0,1), 0 0 8px rgba(0,0,0,1)"
Benzin,-185.13771,-167.74327,21.46875,34.25,131.75,,"rgba(0,0,0,0)","0 0 8px rgba(0,0,0,1), 0 0 8px rgba(0,0,0,1)"
Straßen,-148.17726,-189.22382,33.875,-32.5,231.0,,"rgba(0,0,0,0)","0 0 8px rgba(0,0,0,1), 0 0 8px rgba(0,0,0,1)"
CO,-156.14174,-134.67906,51.46875,20.25,371.75,CO,white,"0 0 8px rgba(0,0,0,1), 0 0 8px rgba(0,0,0,1)"
CO2,-109.19011,-117.45818,35.4375,-24.25,243.5,,"rgba(0,0,0,0)","0 0 8px rgba(0,0,0,1), 0 0 8px rgba(0,0,0,1)"
Abgase,-90.3393,-208.69817,17.375,4.5,99.0,,"rgba(0,0,0,0)","0 0 8px rgba(0,0,0,1), 0 0 8px rgba(0,0,0,1)"
Lärm,-116.896385,-211.34998,23.3125,-7.75,146.5,,"rgba(0,0,0,0)","0 0 8px rgba(0,0,0,1), 0 0 8px rgba(0,0,0,1)"
Schadstoffe,-201.96657,-174.15305,19.4375,43.25,115.5,,"rgba(0,0,0,0)","0 0 8px rgba(0,0,0,1), 0 0 8px rgba(0,0,0,1)"
Öl,-128.30635,-145.6569,53.71875,121.0,389.75,Öl,white,"0 0 8px rgba(0,0,0,1), 0 0 8px rgba(0,0,0,1)"
Müll,-183.0109,-110.19726,22.625,-1.0,141.0,,"rgba(0,0,0,0)","0 0 8px rgba(0,0,0,1), 0 0 8px rgba(0,0,0,1)"
Umwelt,-94.31428,-126.5553,42.3125,11.5,298.5,Umwelt,white,"0 0 8px rgba(0,0,0,1), 0 0 8px rgba(0,0,0,1)"
Gesundheit,-127.821106,-191.79382,33.71875,-61.75,229.75,,"rgba(0,0,0,0)","0 0 8px rgba(0,0,0,1), 0 0 8px rgba(0,0,0,1)"
Erde,-216.33899,-122.44375,29.59375,-53.0,196.75,,"rgba(0,0,0,0)","0 0 8px rgba(0,0,0,1), 0 0 8px rgba(0,0,0,1)"
Fleisch,-150.69286,-203.81915,20.34375,5.0,122.75,,"rgba(0,0,0,0)","0 0 8px rgba(0,0,0,1), 0 0 8px rgba(0,0,0,1)"
Antibiotika,-121.48266,-224.73895,15.4375,4.25,83.5,,"rgba(0,0,0,0)","0 0 8px rgba(0,0,0,1), 0 0 8px rgba(0,0,0,1)"
Luft,-206.61774,-159.6519,42.8125,21.5,302.5,Luft,white,"0 0 8px rgba(0,0,0,1), 0 0 8px rgba(0,0,0,1)"
Trinkwasser,-236.28236,-146.55699,18.15625,7.75,105.25,,"rgba(0,0,0,0)","0 0 8px rgba(0,0,0,1), 0 0 8px rgba(0,0,0,1)"
Industrie,-123.15391,-125.89968,37.21875,-14.0,257.75,Industrie,white,"0 0 8px rgba(0,0,0,1), 0 0 8px rgba(0,0,0,1)"
Wohlstand,-70.30663,-57.175102,34.53125,91.5,236.25,,"rgba(0,0,0,0)","0 0 8px rgba(0,0,0,1), 0 0 8px rgba(0,0,0,1)"
Landwirtschaft,-171.81343,-144.14935,46.78125,68.75,334.25,Landwirtschaft,white,"0 0 8px rgba(0,0,0,1), 0 0 8px rgba(0,0,0,1)"
Material,-139.2874,-203.45802,16.53125,10.5,92.25,,"rgba(0,0,0,0)","0 0 8px rgba(0,0,0,1), 0 0 8px rgba(0,0,0,1)"
Leute,-153.42534,-79.72359,29.6875,4.5,197.5,,"rgba(0,0,0,0)","0 0 8px rgba(0,0,0,1), 0 0 8px rgba(0,0,0,1)"
Produktion,-121.09486,-137.14873,23.34375,-14.5,146.75,,"rgba(0,0,0,0)","0 0 8px rgba(0,0,0,1), 0 0 8px rgba(0,0,0,1)"
Belastung,-73.64973,-175.73918,17.6875,22.0,101.5,,"rgba(0,0,0,0)","0 0 8px rgba(0,0,0,1), 0 0 8px rgba(0,0,0,1)"
Armut,-53.84909,-79.70029,51.1875,-144.0,369.5,Armut,white,"0 0 8px rgba(0,0,0,1), 0 0 8px rgba(0,0,0,1)"
Gewalt,-53.69362,-66.77013,25.84375,30.75,166.75,,"rgba(0,0,0,0)","0 0 8px rgba(0,0,0,1), 0 0 8px rgba(0,0,0,1)"
Umweltverschmutzung,-18.653206,-91.21559,18.84375,12.25,110.75,,"rgba(0,0,0,0)","0 0 8px rgba(0,0,0,1), 0 0 8px rgba(0,0,0,1)"
Bundesregierung,-164.90993,-55.44829,37.53125,-8.5,260.25,Bundesregierung,white,"0 0 8px rgba(0,0,0,1), 0 0 8px rgba(0,0,0,1)"
Atomausstieg,-205.29936,-47.577667,23.5625,31.5,148.5,,"rgba(0,0,0,0)","0 0 8px rgba(0,0,0,1), 0 0 8px rgba(0,0,0,1)"
Nachfrage,-195.63983,-53.751064,29.4375,5.0,195.5,,"rgba(0,0,0,0)","0 0 8px rgba(0,0,0,1), 0 0 8px rgba(0,0,0,1)"
Energien,-211.4924,-85.572876,31.53125,75.5,212.25,,"rgba(0,0,0,0)","0 0 8px rgba(0,0,0,1), 0 0 8px rgba(0,0,0,1)"
Atomenergie,-200.00334,-65.43661,23.96875,-23.75,151.75,,"rgba(0,0,0,0)","0 0 8px rgba(0,0,0,1), 0 0 8px rgba(0,0,0,1)"
Umweltschutz,-156.68883,-41.234695,27.375,49.0,179.0,,"rgba(0,0,0,0)","0 0 8px rgba(0,0,0,1), 0 0 8px rgba(0,0,0,1)"
Steuer,-163.47997,1.4044694,20.375,-1.0,123.0,,"rgba(0,0,0,0)","0 0 8px rgba(0,0,0,1), 0 0 8px rgba(0,0,0,1)"
Situation,-140.02054,-77.964355,17.6875,14.5,101.5,,"rgba(0,0,0,0)","0 0 8px rgba(0,0,0,1), 0 0 8px rgba(0,0,0,1)"
Staat,-79.92674,-72.76984,48.0625,5.75,344.5,Staat,white,"0 0 8px rgba(0,0,0,1), 0 0 8px rgba(0,0,0,1)"
Sicherheit,-54.946823,-120.717354,30.15625,53.25,201.25,,"rgba(0,0,0,0)","0 0 8px rgba(0,0,0,1), 0 0 8px rgba(0,0,0,1)"
Bildung,-58.556767,-32.907692,27.5625,40.5,180.5,,"rgba(0,0,0,0)","0 0 8px rgba(0,0,0,1), 0 0 8px rgba(0,0,0,1)"
Infrastruktur,-93.21089,-75.336464,35.15625,72.75,241.25,,"rgba(0,0,0,0)","0 0 8px rgba(0,0,0,1), 0 0 8px rgba(0,0,0,1)"
Einnahmen,-184.94371,-36.949715,23.28125,23.25,146.25,,"rgba(0,0,0,0)","0 0 8px rgba(0,0,0,1), 0 0 8px rgba(0,0,0,1)"
Konjunktur,-112.32087,-23.722107,22.6875,9.75,141.5,,"rgba(0,0,0,0)","0 0 8px rgba(0,0,0,1), 0 0 8px rgba(0,0,0,1)"
Investitionen,-76.38661,-45.192802,44.78125,37.25,318.25,Investitionen,white,"0 0 8px rgba(0,0,0,1), 0 0 8px rgba(0,0,0,1)"
Preis,-165.52353,-72.00344,19.03125,11.5,112.25,,"rgba(0,0,0,0)","0 0 8px rgba(0,0,0,1), 0 0 8px rgba(0,0,0,1)"
USA,-54.1912,-134.60738,22.40625,-8.25,139.25,,"rgba(0,0,0,0)","0 0 8px rgba(0,0,0,1), 0 0 8px rgba(0,0,0,1)"
Kohle,-86.15698,-164.24432,53.0625,-26.0,384.5,Kohle,white,"0 0 8px rgba(0,0,0,1), 0 0 8px rgba(0,0,0,1)"
Demokratie,-21.445234,-111.1177,19.5,17.5,116.0,,"rgba(0,0,0,0)","0 0 8px rgba(0,0,0,1), 0 0 8px rgba(0,0,0,1)"
Lebensmittel,-105.41184,-102.36996,22.25,14.75,138.0,,"rgba(0,0,0,0)","0 0 8px rgba(0,0,0,1), 0 0 8px rgba(0,0,0,1)"
Kernenergie,-176.79291,-75.30071,23.09375,6.5,144.75,,"rgba(0,0,0,0)","0 0 8px rgba(0,0,0,1), 0 0 8px rgba(0,0,0,1)"
Finanzkrise,-101.686104,-20.26913,32.34375,2.0,218.75,,"rgba(0,0,0,0)","0 0 8px rgba(0,0,0,1), 0 0 8px rgba(0,0,0,1)"
Wirtschaftskrise,-168.8718,-9.658426,27.09375,-9.0,176.75,,"rgba(0,0,0,0)","0 0 8px rgba(0,0,0,1), 0 0 8px rgba(0,0,0,1)"
Rezession,-52.22952,-40.825874,21.46875,12.0,131.75,,"rgba(0,0,0,0)","0 0 8px rgba(0,0,0,1), 0 0 8px rgba(0,0,0,1)"
Katastrophen,-194.56918,-113.3075,21.0,21.0,128.0,,"rgba(0,0,0,0)","0 0 8px rgba(0,0,0,1), 0 0 8px rgba(0,0,0,1)"
Energieversorgung,-218.75687,-73.298615,22.25,57.75,138.0,,"rgba(0,0,0,0)","0 0 8px rgba(0,0,0,1), 0 0 8px rgba(0,0,0,1)"
Holz,-169.88733,-164.76266,20.59375,10.5,124.75,,"rgba(0,0,0,0)","0 0 8px rgba(0,0,0,1), 0 0 8px rgba(0,0,0,1)"
Wald,-214.4181,-138.8291,26.3125,-16.75,170.5,,"rgba(0,0,0,0)","0 0 8px rgba(0,0,0,1), 0 0 8px rgba(0,0,0,1)"
Wärme,-96.39719,-192.89815,22.3125,48.75,138.5,,"rgba(0,0,0,0)","0 0 8px rgba(0,0,0,1), 0 0 8px rgba(0,0,0,1)"
Häuser,-169.32399,-212.81877,18.5,-33.0,108.0,,"rgba(0,0,0,0)","0 0 8px rgba(0,0,0,1), 0 0 8px rgba(0,0,0,1)"
Einkommen,-82.80004,-21.887472,25.0625,18.75,160.5,,"rgba(0,0,0,0)","0 0 8px rgba(0,0,0,1), 0 0 8px rgba(0,0,0,1)"
Kinder,-179.0595,-87.24811,29.46875,12.5,195.75,,"rgba(0,0,0,0)","0 0 8px rgba(0,0,0,1), 0 0 8px rgba(0,0,0,1)"
Gas,-91.81441,-181.38875,42.40625,39.25,299.25,Gas,white,"0 0 8px rgba(0,0,0,1), 0 0 8px rgba(0,0,0,1)"
Temperaturen,-106.32217,-213.56064,15.4375,23.5,83.5,,"rgba(0,0,0,0)","0 0 8px rgba(0,0,0,1), 0 0 8px rgba(0,0,0,1)"
Ich,-153.79953,-67.47362,33.09375,5.75,224.75,,"rgba(0,0,0,0)","0 0 8px rgba(0,0,0,1), 0 0 8px rgba(0,0,0,1)"
Krieg,-86.31815,-101.522446,34.28125,-3.75,234.25,,"rgba(0,0,0,0)","0 0 8px rgba(0,0,0,1), 0 0 8px rgba(0,0,0,1)"
Welt,-125.06015,-80.20462,40.25,26.25,282.0,Welt,white,"0 0 8px rgba(0,0,0,1), 0 0 8px rgba(0,0,0,1)"
das,-182.01454,-60.39977,39.28125,4.75,274.25,das,white,"0 0 8px rgba(0,0,0,1), 0 0 8px rgba(0,0,0,1)"
ihn,-201.01176,-36.6353,15.9375,7.5,87.5,,"rgba(0,0,0,0)","0 0 8px rgba(0,0,0,1), 0 0 8px rgba(0,0,0,1)"
Auto,-106.51035,-180.83052,30.125,-12.25,201.0,,"rgba(0,0,0,0)","0 0 8px rgba(0,0,0,1), 0 0 8px rgba(0,0,0,1)"
Stadt,-103.06737,-167.77542,37.15625,0.75,257.25,Stadt,white,"0 0 8px rgba(0,0,0,1), 0 0 8px rgba(0,0,0,1)"
Zerstörung,-127.63049,-208.24243,20.03125,4.25,120.25,,"rgba(0,0,0,0)","0 0 8px rgba(0,0,0,1), 0 0 8px rgba(0,0,0,1)"
Probleme,-50.357998,-103.157486,29.09375,-23.0,192.75,,"rgba(0,0,0,0)","0 0 8px rgba(0,0,0,1), 0 0 8px rgba(0,0,0,1)"
Maßnahmen,-73.49588,-126.43893,54.71875,37.5,397.75,Maßnahmen,white,"0 0 8px rgba(0,0,0,1), 0 0 8px rgba(0,0,0,1)"
Klimawandels,-123.62647,-167.71144,47.09375,-9.75,336.75,Klimawandels,white,"0 0 8px rgba(0,0,0,1), 0 0 8px rgba(0,0,0,1)"
Erderwärmung,-73.99613,-154.54454,29.5625,-54.0,196.5,,"rgba(0,0,0,0)","0 0 8px rgba(0,0,0,1), 0 0 8px rgba(0,0,0,1)"
Virus,-135.17778,-125.83064,21.1875,-25.0,129.5,,"rgba(0,0,0,0)","0 0 8px rgba(0,0,0,1), 0 0 8px rgba(0,0,0,1)"
Treibhausgase,-140.31885,-140.74556,28.6875,-10.75,189.5,,"rgba(0,0,0,0)","0 0 8px rgba(0,0,0,1), 0 0 8px rgba(0,0,0,1)"
Schäden,-162.66676,-180.90286,39.3125,121.5,274.5,Schäden,white,"0 0 8px rgba(0,0,0,1), 0 0 8px rgba(0,0,0,1)"
Pandemie,-84.105644,-114.85921,22.1875,-2.75,137.5,,"rgba(0,0,0,0)","0 0 8px rgba(0,0,0,1), 0 0 8px rgba(0,0,0,1)"
Energieverbrauch,-54.530357,-149.17253,22.71875,-13.5,141.75,,"rgba(0,0,0,0)","0 0 8px rgba(0,0,0,1), 0 0 8px rgba(0,0,0,1)"
Gesetz,-43.271255,-150.09036,24.125,-11.0,153.0,,"rgba(0,0,0,0)","0 0 8px rgba(0,0,0,1), 0 0 8px rgba(0,0,0,1)"
Markt,-22.266434,-135.08458,25.90625,-4.25,167.25,,"rgba(0,0,0,0)","0 0 8px rgba(0,0,0,1), 0 0 8px rgba(0,0,0,1)"
Atmosphäre,-204.01045,-130.31418,21.625,12.25,133.0,,"rgba(0,0,0,0)","0 0 8px rgba(0,0,0,1), 0 0 8px rgba(0,0,0,1)"
Krankheiten,-104.14476,-227.47643,19.90625,10.0,119.25,,"rgba(0,0,0,0)","0 0 8px rgba(0,0,0,1), 0 0 8px rgba(0,0,0,1)"
Krankheit,-146.01259,-226.7062,16.125,-13.5,89.0,,"rgba(0,0,0,0)","0 0 8px rgba(0,0,0,1), 0 0 8px rgba(0,0,0,1)"
Tiere,-107.302925,-206.50635,31.5625,-38.75,212.5,,"rgba(0,0,0,0)","0 0 8px rgba(0,0,0,1), 0 0 8px rgba(0,0,0,1)"
Corona,-143.59209,-110.705284,22.78125,-5.0,142.25,,"rgba(0,0,0,0)","0 0 8px rgba(0,0,0,1), 0 0 8px rgba(0,0,0,1)"
uns,-147.18065,-91.776,39.03125,19.5,272.25,uns,white,"0 0 8px rgba(0,0,0,1), 0 0 8px rgba(0,0,0,1)"
Handel,-137.88109,-41.079994,28.46875,12.75,187.75,,"rgba(0,0,0,0)","0 0 8px rgba(0,0,0,1), 0 0 8px rgba(0,0,0,1)"
CO2-Emissionen,-222.57289,-63.861034,22.1875,3.75,137.5,,"rgba(0,0,0,0)","0 0 8px rgba(0,0,0,1), 0 0 8px rgba(0,0,0,1)"
Globalisierung,-49.821747,-53.01578,21.90625,3.5,135.25,,"rgba(0,0,0,0)","0 0 8px rgba(0,0,0,1), 0 0 8px rgba(0,0,0,1)"
Digitalisierung,-38.1417,-66.50739,20.5625,18.5,124.5,,"rgba(0,0,0,0)","0 0 8px rgba(0,0,0,1), 0 0 8px rgba(0,0,0,1)"
Entwicklung,-27.603338,-63.07079,31.0625,38.75,208.5,,"rgba(0,0,0,0)","0 0 8px rgba(0,0,0,1), 0 0 8px rgba(0,0,0,1)"
Gesellschaft,-36.311,-90.812195,40.84375,52.75,286.75,Gesellschaft,white,"0 0 8px rgba(0,0,0,1), 0 0 8px rgba(0,0,0,1)"
Fortschritt,-22.680454,-75.86813,22.28125,20.75,138.25,,"rgba(0,0,0,0)","0 0 8px rgba(0,0,0,1), 0 0 8px rgba(0,0,0,1)"
Ressourcen,-164.15318,-106.19687,28.71875,-21.75,189.75,,"rgba(0,0,0,0)","0 0 8px rgba(0,0,0,1), 0 0 8px rgba(0,0,0,1)"
Verkehr,-184.81535,-156.0767,38.84375,38.25,270.75,Verkehr,white,"0 0 8px rgba(0,0,0,1), 0 0 8px rgba(0,0,0,1)"
Wirtschaftswachstum,-33.035408,-49.099934,25.25,12.0,162.0,,"rgba(0,0,0,0)","0 0 8px rgba(0,0,0,1), 0 0 8px rgba(0,0,0,1)"
Konzerne,-196.46495,-77.74041,20.4375,4.0,123.5,,"rgba(0,0,0,0)","0 0 8px rgba(0,0,0,1), 0 0 8px rgba(0,0,0,1)"
Erwärmung,-171.2433,-118.19353,25.1875,9.25,161.5,,"rgba(0,0,0,0)","0 0 8px rgba(0,0,0,1), 0 0 8px rgba(0,0,0,1)"
Städte,-156.42015,-99.18987,24.1875,-15.25,153.5,,"rgba(0,0,0,0)","0 0 8px rgba(0,0,0,1), 0 0 8px rgba(0,0,0,1)"
Problem,-188.13496,-26.869944,18.09375,-45.25,104.75,,"rgba(0,0,0,0)","0 0 8px rgba(0,0,0,1), 0 0 8px rgba(0,0,0,1)"
System,-13.847456,-76.31127,27.03125,-1.5,176.25,,"rgba(0,0,0,0)","0 0 8px rgba(0,0,0,1), 0 0 8px rgba(0,0,0,1)"
Arbeit,-68.59824,-27.058443,42.125,-6.5,297.0,Arbeit,white,"0 0 8px rgba(0,0,0,1), 0 0 8px rgba(0,0,0,1)"
Licht,-250.03482,-112.61822,16.6875,13.25,93.5,,"rgba(0,0,0,0)","0 0 8px rgba(0,0,0,1), 0 0 8px rgba(0,0,0,1)"
Insekten,-237.0651,-115.49119,13.0625,-3.5,64.5,,"rgba(0,0,0,0)","0 0 8px rgba(0,0,0,1), 0 0 8px rgba(0,0,0,1)"
Energiewende,-110.426994,-146.82512,36.9375,20.25,255.5,,"rgba(0,0,0,0)","0 0 8px rgba(0,0,0,1), 0 0 8px rgba(0,0,0,1)"
Belastungen,-224.44543,-104.78094,19.0625,32.5,112.5,,"rgba(0,0,0,0)","0 0 8px rgba(0,0,0,1), 0 0 8px rgba(0,0,0,1)"
Kraftwerke,-62.00485,-183.4444,19.125,2.0,113.0,,"rgba(0,0,0,0)","0 0 8px rgba(0,0,0,1), 0 0 8px rgba(0,0,0,1)"
Wälder,-177.88292,-189.99843,20.15625,-5.0,121.25,,"rgba(0,0,0,0)","0 0 8px rgba(0,0,0,1), 0 0 8px rgba(0,0,0,1)"
Böden,-176.11249,-177.70094,17.84375,-9.75,102.75,,"rgba(0,0,0,0)","0 0 8px rgba(0,0,0,1), 0 0 8px rgba(0,0,0,1)"
Mensch,-186.70938,-129.05598,45.71875,17.0,325.75,Mensch,white,"0 0 8px rgba(0,0,0,1), 0 0 8px rgba(0,0,0,1)"
Natur,-159.15895,-113.12439,42.71875,-82.0,301.75,Natur,white,"0 0 8px rgba(0,0,0,1), 0 0 8px rgba(0,0,0,1)"
Katastrophe,-207.23557,-112.67368,36.15625,69.75,249.25,,"rgba(0,0,0,0)","0 0 8px rgba(0,0,0,1), 0 0 8px rgba(0,0,0,1)"
Boden,-213.21185,-177.42047,28.25,-0.5,186.0,,"rgba(0,0,0,0)","0 0 8px rgba(0,0,0,1), 0 0 8px rgba(0,0,0,1)"
Chemikalien,-145.57568,-155.43552,17.75,12.0,102.0,,"rgba(0,0,0,0)","0 0 8px rgba(0,0,0,1), 0 0 8px rgba(0,0,0,1)"
Hunger,-175.24857,-102.283615,28.125,-39.0,185.0,,"rgba(0,0,0,0)","0 0 8px rgba(0,0,0,1), 0 0 8px rgba(0,0,0,1)"
Frauen,-40.37167,-182.39798,22.375,13.5,139.0,,"rgba(0,0,0,0)","0 0 8px rgba(0,0,0,1), 0 0 8px rgba(0,0,0,1)"
Männer,-34.595818,-175.18396,16.5,5.75,92.0,,"rgba(0,0,0,0)","0 0 8px rgba(0,0,0,1), 0 0 8px rgba(0,0,0,1)"
Essen,-53.059563,-194.27519,15.53125,9.25,84.25,,"rgba(0,0,0,0)","0 0 8px rgba(0,0,0,1), 0 0 8px rgba(0,0,0,1)"
Erdbeben,-111.2322,-193.40863,28.84375,18.5,190.75,,"rgba(0,0,0,0)","0 0 8px rgba(0,0,0,1), 0 0 8px rgba(0,0,0,1)"
Diese,-63.6722,-151.10608,27.46875,8.5,179.75,,"rgba(0,0,0,0)","0 0 8px rgba(0,0,0,1), 0 0 8px rgba(0,0,0,1)"
Tsunami,-156.54285,-211.76643,23.5,41.0,148.0,,"rgba(0,0,0,0)","0 0 8px rgba(0,0,0,1), 0 0 8px rgba(0,0,0,1)"
Anlagen,-83.91298,-192.82695,20.6875,11.0,125.5,,"rgba(0,0,0,0)","0 0 8px rgba(0,0,0,1), 0 0 8px rgba(0,0,0,1)"
Dürre,-165.80875,-193.99628,23.53125,18.5,148.25,,"rgba(0,0,0,0)","0 0 8px rgba(0,0,0,1), 0 0 8px rgba(0,0,0,1)"
Bäume,-192.54527,-183.18443,27.75,-29.5,182.0,,"rgba(0,0,0,0)","0 0 8px rgba(0,0,0,1), 0 0 8px rgba(0,0,0,1)"
Länder,-110.84124,-130.28773,27.59375,-10.75,180.75,,"rgba(0,0,0,0)","0 0 8px rgba(0,0,0,1), 0 0 8px rgba(0,0,0,1)"
Wind,-228.88693,-161.07886,29.78125,-1.5,198.25,,"rgba(0,0,0,0)","0 0 8px rgba(0,0,0,1), 0 0 8px rgba(0,0,0,1)"
Regen,-209.11464,-188.29393,25.28125,7.5,162.25,,"rgba(0,0,0,0)","0 0 8px rgba(0,0,0,1), 0 0 8px rgba(0,0,0,1)"
Meer,-215.37915,-153.38573,16.15625,10.0,89.25,,"rgba(0,0,0,0)","0 0 8px rgba(0,0,0,1), 0 0 8px rgba(0,0,0,1)"
Feuer,-183.11331,-207.00961,23.78125,10.25,150.25,,"rgba(0,0,0,0)","0 0 8px rgba(0,0,0,1), 0 0 8px rgba(0,0,0,1)"
Netz,-244.82747,-154.18999,14.65625,0.0,77.25,,"rgba(0,0,0,0)","0 0 8px rgba(0,0,0,1), 0 0 8px rgba(0,0,0,1)"
Haut,-248.2099,-139.62823,13.03125,-23.25,64.25,,"rgba(0,0,0,0)","0 0 8px rgba(0,0,0,1), 0 0 8px rgba(0,0,0,1)"
Dies,-150.27626,-32.40346,28.90625,5.75,191.25,,"rgba(0,0,0,0)","0 0 8px rgba(0,0,0,1), 0 0 8px rgba(0,0,0,1)"
Druck,-145.68398,-60.72576,28.9375,27.0,191.5,,"rgba(0,0,0,0)","0 0 8px rgba(0,0,0,1), 0 0 8px rgba(0,0,0,1)"
Arbeitsplätzen,-104.98039,1.8854307,19.3125,30.0,114.5,,"rgba(0,0,0,0)","0 0 8px rgba(0,0,0,1), 0 0 8px rgba(0,0,0,1)"
Kapital,-85.73422,-4.706437,20.40625,1.25,123.25,,"rgba(0,0,0,0)","0 0 8px rgba(0,0,0,1), 0 0 8px rgba(0,0,0,1)"
Sonne,-239.8921,-128.51259,27.375,-7.25,179.0,,"rgba(0,0,0,0)","0 0 8px rgba(0,0,0,1), 0 0 8px rgba(0,0,0,1)"
Strahlung,-216.84247,-168.1675,12.8125,7.5,62.5,,"rgba(0,0,0,0)","0 0 8px rgba(0,0,0,1), 0 0 8px rgba(0,0,0,1)"
Bevölkerung,-233.32861,-73.489784,29.4375,4.75,195.5,,"rgba(0,0,0,0)","0 0 8px rgba(0,0,0,1), 0 0 8px rgba(0,0,0,1)"
alles,-128.35324,-35.304626,18.0,8.0,104.0,,"rgba(0,0,0,0)","0 0 8px rgba(0,0,0,1), 0 0 8px rgba(0,0,0,1)"
Preise,-218.72076,-36.348537,26.75,16.25,174.0,,"rgba(0,0,0,0)","0 0 8px rgba(0,0,0,1), 0 0 8px rgba(0,0,0,1)"
Haus,-166.36673,-224.80714,16.71875,-5.25,93.75,,"rgba(0,0,0,0)","0 0 8px rgba(0,0,0,1), 0 0 8px rgba(0,0,0,1)"
Überschwemmungen,-173.45142,-197.3385,18.375,32.0,107.0,,"rgba(0,0,0,0)","0 0 8px rgba(0,0,0,1), 0 0 8px rgba(0,0,0,1)"
Bahn,-225.6869,-142.12866,23.21875,-20.5,145.75,,"rgba(0,0,0,0)","0 0 8px rgba(0,0,0,1), 0 0 8px rgba(0,0,0,1)"
Atomkraft,-223.01602,-91.838715,22.6875,-11.0,141.5,,"rgba(0,0,0,0)","0 0 8px rgba(0,0,0,1), 0 0 8px rgba(0,0,0,1)"
Internet,-38.156197,-124.39291,20.125,12.0,121.0,,"rgba(0,0,0,0)","0 0 8px rgba(0,0,0,1), 0 0 8px rgba(0,0,0,1)"
Zeit,-40.54379,-114.326225,22.1875,-20.25,137.5,,"rgba(0,0,0,0)","0 0 8px rgba(0,0,0,1), 0 0 8px rgba(0,0,0,1)"
Ökosteuer,-234.53676,-88.781075,21.0,-18.0,128.0,,"rgba(0,0,0,0)","0 0 8px rgba(0,0,0,1), 0 0 8px rgba(0,0,0,1)"
Die,-149.19824,-49.638115,25.96875,1.5,167.75,,"rgba(0,0,0,0)","0 0 8px rgba(0,0,0,1), 0 0 8px rgba(0,0,0,1)"
Kommission,-93.80372,-1.0593741,15.25,2.5,82.0,,"rgba(0,0,0,0)","0 0 8px rgba(0,0,0,1), 0 0 8px rgba(0,0,0,1)"
Autoindustrie,-90.761856,-86.92836,15.96875,-3.5,87.75,,"rgba(0,0,0,0)","0 0 8px rgba(0,0,0,1), 0 0 8px rgba(0,0,0,1)"
Haushalte,-218.30759,-29.534292,19.0625,-17.0,112.5,,"rgba(0,0,0,0)","0 0 8px rgba(0,0,0,1), 0 0 8px rgba(0,0,0,1)"
Bauern,-112.640205,-7.167083,18.15625,1.75,105.25,,"rgba(0,0,0,0)","0 0 8px rgba(0,0,0,1), 0 0 8px rgba(0,0,0,1)"
Bakterien,-234.78752,-104.712425,14.125,4.5,73.0,,"rgba(0,0,0,0)","0 0 8px rgba(0,0,0,1), 0 0 8px rgba(0,0,0,1)"
Pflanzen,-194.37297,-148.5533,21.125,10.5,129.0,,"rgba(0,0,0,0)","0 0 8px rgba(0,0,0,1), 0 0 8px rgba(0,0,0,1)"
Bund,-166.22974,-84.58421,27.5,-9.0,180.0,,"rgba(0,0,0,0)","0 0 8px rgba(0,0,0,1), 0 0 8px rgba(0,0,0,1)"
Mittel,-226.0472,-74.42435,26.09375,-1.25,168.75,,"rgba(0,0,0,0)","0 0 8px rgba(0,0,0,1), 0 0 8px rgba(0,0,0,1)"
Inflation,-134.69003,14.108643,19.03125,-2.25,112.25,,"rgba(0,0,0,0)","0 0 8px rgba(0,0,0,1), 0 0 8px rgba(0,0,0,1)"
Konsum,-217.18103,-53.281548,21.65625,9.5,133.25,,"rgba(0,0,0,0)","0 0 8px rgba(0,0,0,1), 0 0 8px rgba(0,0,0,1)"
Tod,-136.18071,-231.43202,19.78125,42.75,118.25,,"rgba(0,0,0,0)","0 0 8px rgba(0,0,0,1), 0 0 8px rgba(0,0,0,1)"
EU,-188.2004,-73.97981,34.125,10.0,233.0,,"rgba(0,0,0,0)","0 0 8px rgba(0,0,0,1), 0 0 8px rgba(0,0,0,1)"
Transport,-79.2411,-99.24113,17.1875,23.0,97.5,,"rgba(0,0,0,0)","0 0 8px rgba(0,0,0,1), 0 0 8px rgba(0,0,0,1)"
Handeln,-42.78029,-133.40608,23.125,60.0,145.0,,"rgba(0,0,0,0)","0 0 8px rgba(0,0,0,1), 0 0 8px rgba(0,0,0,1)"
Angst,-25.003979,-147.73132,17.625,7.0,101.0,,"rgba(0,0,0,0)","0 0 8px rgba(0,0,0,1), 0 0 8px rgba(0,0,0,1)"
Winter,-251.48051,-105.94761,15.71875,3.5,85.75,,"rgba(0,0,0,0)","0 0 8px rgba(0,0,0,1), 0 0 8px rgba(0,0,0,1)"
Hitze,-190.20886,-191.54784,20.6875,4.75,125.5,,"rgba(0,0,0,0)","0 0 8px rgba(0,0,0,1), 0 0 8px rgba(0,0,0,1)"
Bürger,-66.648705,-176.45615,20.4375,-10.0,123.5,,"rgba(0,0,0,0)","0 0 8px rgba(0,0,0,1), 0 0 8px rgba(0,0,0,1)"
Medikamente,-182.43033,-199.48409,14.15625,-4.0,73.25,,"rgba(0,0,0,0)","0 0 8px rgba(0,0,0,1), 0 0 8px rgba(0,0,0,1)"
Krebs,-216.64677,-195.76979,12.4375,-0.25,59.5,,"rgba(0,0,0,0)","0 0 8px rgba(0,0,0,1), 0 0 8px rgba(0,0,0,1)"
Polizei,-96.36285,-160.19817,16.0,11.5,88.0,,"rgba(0,0,0,0)","0 0 8px rgba(0,0,0,1), 0 0 8px rgba(0,0,0,1)"
Tourismus,-82.13876,3.5288358,22.25,19.75,138.0,,"rgba(0,0,0,0)","0 0 8px rgba(0,0,0,1), 0 0 8px rgba(0,0,0,1)"
China,-109.08602,-88.18872,30.8125,-1.75,206.5,,"rgba(0,0,0,0)","0 0 8px rgba(0,0,0,1), 0 0 8px rgba(0,0,0,1)"
Konflikte,-53.591488,-141.23312,21.6875,30.25,133.5,,"rgba(0,0,0,0)","0 0 8px rgba(0,0,0,1), 0 0 8px rgba(0,0,0,1)"
Naturkatastrophen,-202.63644,-140.65309,30.8125,25.25,206.5,,"rgba(0,0,0,0)","0 0 8px rgba(0,0,0,1), 0 0 8px rgba(0,0,0,1)"
Wettbewerb,-196.29822,-12.7699995,22.90625,14.25,143.25,,"rgba(0,0,0,0)","0 0 8px rgba(0,0,0,1), 0 0 8px rgba(0,0,0,1)"
Union,-153.39375,-17.023321,38.0,-9.75,264.0,Union,white,"0 0 8px rgba(0,0,0,1), 0 0 8px rgba(0,0,0,1)"
Streit,-170.14778,7.403783,17.53125,-7.75,100.25,,"rgba(0,0,0,0)","0 0 8px rgba(0,0,0,1), 0 0 8px rgba(0,0,0,1)"
Der,-80.06584,-213.47652,17.9375,-2.0,103.5,,"rgba(0,0,0,0)","0 0 8px rgba(0,0,0,1), 0 0 8px rgba(0,0,0,1)"
Straße,-196.56218,-196.56932,23.375,-15.0,147.0,,"rgba(0,0,0,0)","0 0 8px rgba(0,0,0,1), 0 0 8px rgba(0,0,0,1)"
Mann,-13.523047,-121.82878,15.5,0.0,84.0,,"rgba(0,0,0,0)","0 0 8px rgba(0,0,0,1), 0 0 8px rgba(0,0,0,1)"
Strukturen,-133.58589,-222.06589,20.375,16.0,123.0,,"rgba(0,0,0,0)","0 0 8px rgba(0,0,0,1), 0 0 8px rgba(0,0,0,1)"
SPD,-169.53062,-22.085382,31.125,5.5,209.0,,"rgba(0,0,0,0)","0 0 8px rgba(0,0,0,1), 0 0 8px rgba(0,0,0,1)"
Regeln,-209.4322,-12.173757,22.0625,-0.5,136.5,,"rgba(0,0,0,0)","0 0 8px rgba(0,0,0,1), 0 0 8px rgba(0,0,0,1)"
Technik,-96.45788,-111.0506,22.40625,6.0,139.25,,"rgba(0,0,0,0)","0 0 8px rgba(0,0,0,1), 0 0 8px rgba(0,0,0,1)"
Trump,-74.37078,-193.89275,20.03125,1.0,120.25,,"rgba(0,0,0,0)","0 0 8px rgba(0,0,0,1), 0 0 8px rgba(0,0,0,1)"
Soldaten,-60.031704,-199.7493,16.4375,6.5,91.5,,"rgba(0,0,0,0)","0 0 8px rgba(0,0,0,1), 0 0 8px rgba(0,0,0,1)"
Korruption,-21.501413,-96.948685,19.9375,-21.0,119.5,,"rgba(0,0,0,0)","0 0 8px rgba(0,0,0,1), 0 0 8px rgba(0,0,0,1)"
Subventionen,-122.41996,-17.63496,20.25,-0.25,122.0,,"rgba(0,0,0,0)","0 0 8px rgba(0,0,0,1), 0 0 8px rgba(0,0,0,1)"
Konflikt,-38.13111,-138.97209,15.8125,0.5,86.5,,"rgba(0,0,0,0)","0 0 8px rgba(0,0,0,1), 0 0 8px rgba(0,0,0,1)"
Verhalten,-213.85544,-101.50167,17.28125,23.5,98.25,,"rgba(0,0,0,0)","0 0 8px rgba(0,0,0,1), 0 0 8px rgba(0,0,0,1)"
Berlin,-49.45077,-128.6539,15.53125,2.5,84.25,,"rgba(0,0,0,0)","0 0 8px rgba(0,0,0,1), 0 0 8px rgba(0,0,0,1)"
ihnen,-21.88293,-86.39464,14.75,-14.0,78.0,,"rgba(0,0,0,0)","0 0 8px rgba(0,0,0,1), 0 0 8px rgba(0,0,0,1)"
Chaos,-44.4258,-37.623802,15.9375,16.5,87.5,,"rgba(0,0,0,0)","0 0 8px rgba(0,0,0,1), 0 0 8px rgba(0,0,0,1)"
